Fitter Status,"Successful - Mon Apr 11 14:48:39 2022"
Quartus Prime Version,"20.1.1 Build 720 11/11/2020 SJ Standard Edition"
Revision Name,"setup"
Top-level Entity Name,"setup"
Family,"Cyclone V"
Device,"5CSXFC6D6F31C6"
Timing Models,"Final"
Logic utilization (in ALMs),"17 / 41,910 ( < 1 % )"
Total registers,"32"
Total pins,"25 / 499 ( 5 % )"
Total virtual pins,"0"
Total block memory bits,"0 / 5,662,720 ( 0 % )"
Total RAM Blocks,"0 / 553 ( 0 % )"
Total DSP Blocks,"0 / 112 ( 0 % )"
Total HSSI RX PCSs,"0 / 9 ( 0 % )"
Total HSSI PMA RX Deserializers,"0 / 9 ( 0 % )"
Total HSSI TX PCSs,"0 / 9 ( 0 % )"
Total HSSI PMA TX Serializers,"0 / 9 ( 0 % )"
Total PLLs,"0 / 15 ( 0 % )"
Total DLLs,"0 / 4 ( 0 % )"
